mean_fit_time,std_fit_time,mean_score_time,std_score_time,param_model__learning_rate,param_model__min_data_in_leaf,param_model__n_estimators,param_model__num_leaves,param_winsorizer__limits,params,split0_test_score,split1_test_score,split2_test_score,mean_test_score,std_test_score,rank_test_score,split0_train_score,split1_train_score,split2_train_score,mean_train_score,std_train_score
0.6577275594075521,0.024504474329028494,0.14188639322916666,0.008165278479121874,0.05,10,20,5,"(0.0, 1.0)","{'model__learning_rate': 0.05, 'model__min_data_in_leaf': 10, 'model__n_estimators': 20, 'model__num_leaves': 5, 'winsorizer__limits': (0.0, 1.0)}",0.27001028917475234,0.29903993568664544,0.29808792768045356,0.2890460508472838,0.013465926051854636,61,0.6396371332957891,0.6392176854896486,0.6647743382830451,0.6478763856894942,0.01194988383502639
0.5063873926798502,0.07609950974345604,0.0961448351542155,0.014663960808561718,0.05,10,20,5,"(0.005, 0.995)","{'model__learning_rate': 0.05, 'model__min_data_in_leaf': 10, 'model__n_estimators': 20, 'model__num_leaves': 5, 'winsorizer__limits': (0.005, 0.995)}",0.27001028917475234,0.29903993568664544,0.29808792768045356,0.2890460508472838,0.013465926051854636,61,0.6396371332957891,0.6392176854896486,0.6647743382830451,0.6478763856894942,0.01194988383502639
0.48797957102457684,0.07970003219557856,0.0924820105234782,0.01932278835102252,0.05,10,20,10,"(0.0, 1.0)","{'model__learning_rate': 0.05, 'model__min_data_in_leaf': 10, 'model__n_estimators': 20, 'model__num_leaves': 10, 'winsorizer__limits': (0.0, 1.0)}",0.2809731375204628,0.29903993568664544,0.29748014869320394,0.2924977406334374,0.008173966460656858,57,0.6724223859478824,0.6392176854896486,0.6647948540600516,0.6588116418325276,0.014200637416443722
0.5746723810831705,0.008046129362782825,0.08056195576985677,0.027893280973949,0.05,10,20,10,"(0.005, 0.995)","{'model__learning_rate': 0.05, 'model__min_data_in_leaf': 10, 'model__n_estimators': 20, 'model__num_leaves': 10, 'winsorizer__limits': (0.005, 0.995)}",0.2809731375204628,0.29903993568664544,0.29748014869320394,0.2924977406334374,0.008173966460656858,57,0.6724223859478824,0.6392176854896486,0.6647948540600516,0.6588116418325276,0.014200637416443722
0.378850777943929,0.017557951944619416,0.06362525622049968,0.015084399636397001,0.05,10,20,20,"(0.0, 1.0)","{'model__learning_rate': 0.05, 'model__min_data_in_leaf': 10, 'model__n_estimators': 20, 'model__num_leaves': 20, 'winsorizer__limits': (0.0, 1.0)}",0.2809731375204628,0.29903993568664544,0.29748014869320394,0.2924977406334374,0.008173966460656858,57,0.6724223859478824,0.6392176854896486,0.6647948540600516,0.6588116418325276,0.014200637416443722
0.3478597005208333,0.046579047897288506,0.07498423258463542,0.02140154385759274,0.05,10,20,20,"(0.005, 0.995)","{'model__learning_rate': 0.05, 'model__min_data_in_leaf': 10, 'model__n_estimators': 20, 'model__num_leaves': 20, 'winsorizer__limits': (0.005, 0.995)}",0.2809731375204628,0.29903993568664544,0.29748014869320394,0.2924977406334374,0.008173966460656858,57,0.6724223859478824,0.6392176854896486,0.6647948540600516,0.6588116418325276,0.014200637416443722
0.46720163027445477,0.05419526069370825,0.11658644676208496,0.02344405009582966,0.05,10,50,5,"(0.0, 1.0)","{'model__learning_rate': 0.05, 'model__min_data_in_leaf': 10, 'model__n_estimators': 50, 'model__num_leaves': 5, 'winsorizer__limits': (0.0, 1.0)}",0.2531801539846331,0.32522494614989905,0.26296120584105853,0.2804554353251969,0.03190766959490945,69,0.8889248854444772,0.8850641428864118,0.8903461261612166,0.8881117181640352,0.0022317060138401577
0.7011262575785319,0.014436072543996103,0.09005395571390788,0.007337153546041567,0.05,10,50,5,"(0.005, 0.995)","{'model__learning_rate': 0.05, 'model__min_data_in_leaf': 10, 'model__n_estimators': 50, 'model__num_leaves': 5, 'winsorizer__limits': (0.005, 0.995)}",0.2531801539846331,0.32522494614989905,0.26296120584105853,0.2804554353251969,0.03190766959490945,69,0.8889248854444772,0.8850641428864118,0.8903461261612166,0.8881117181640352,0.0022317060138401577
0.5320191383361816,0.015830082640948623,0.07851942380269368,0.027099313670311997,0.05,10,50,10,"(0.0, 1.0)","{'model__learning_rate': 0.05, 'model__min_data_in_leaf': 10, 'model__n_estimators': 50, 'model__num_leaves': 10, 'winsorizer__limits': (0.0, 1.0)}",0.27039822967500937,0.3510528670327997,0.2798031884796033,0.3004180950624708,0.03600947478923135,43,0.8991158216144441,0.8877933601033156,0.8916853331087076,0.892864838275489,0.004697017351227288
0.5390270551045736,0.04249750930308034,0.08136622111002605,0.025127379821253543,0.05,10,50,10,"(0.005, 0.995)","{'model__learning_rate': 0.05, 'model__min_data_in_leaf': 10, 'model__n_estimators': 50, 'model__num_leaves': 10, 'winsorizer__limits': (0.005, 0.995)}",0.27039822967500937,0.3510528670327997,0.2798031884796033,0.3004180950624708,0.03600947478923135,43,0.8991158216144441,0.8877933601033156,0.8916853331087076,0.892864838275489,0.004697017351227288
0.5753169854482015,0.05827218859288343,0.0915842851003011,0.006409328879137728,0.05,10,50,20,"(0.0, 1.0)","{'model__learning_rate': 0.05, 'model__min_data_in_leaf': 10, 'model__n_estimators': 50, 'model__num_leaves': 20, 'winsorizer__limits': (0.0, 1.0)}",0.27039822967500937,0.3510528670327997,0.2798031884796033,0.3004180950624708,0.03600947478923135,43,0.8991158216144441,0.8877933601033156,0.8916853331087076,0.892864838275489,0.004697017351227288
0.5142016410827637,0.01783403792287521,0.07096266746520996,0.0014603746557205032,0.05,10,50,20,"(0.005, 0.995)","{'model__learning_rate': 0.05, 'model__min_data_in_leaf': 10, 'model__n_estimators': 50, 'model__num_leaves': 20, 'winsorizer__limits': (0.005, 0.995)}",0.27039822967500937,0.3510528670327997,0.2798031884796033,0.3004180950624708,0.03600947478923135,43,0.8991158216144441,0.8877933601033156,0.8916853331087076,0.892864838275489,0.004697017351227288
0.3998730182647705,0.010492419512402465,0.06375638643900554,0.003988201879041474,0.05,10,100,5,"(0.0, 1.0)","{'model__learning_rate': 0.05, 'model__min_data_in_leaf': 10, 'model__n_estimators': 100, 'model__num_leaves': 5, 'winsorizer__limits': (0.0, 1.0)}",0.23381437841343544,0.33715773831784235,0.19829844523138052,0.2564235206542194,0.0589002309206904,91,0.9761516379432813,0.9773448926234651,0.9788641208487376,0.9774535504718281,0.0011100287606202982
0.35540270805358887,0.026644117091035632,0.049201647440592446,0.000994299452944724,0.05,10,100,5,"(0.005, 0.995)","{'model__learning_rate': 0.05, 'model__min_data_in_leaf': 10, 'model__n_estimators': 100, 'model__num_leaves': 5, 'winsorizer__limits': (0.005, 0.995)}",0.23381437841343544,0.33715773831784235,0.19829844523138052,0.2564235206542194,0.0589002309206904,91,0.9761516379432813,0.9773448926234651,0.9788641208487376,0.9774535504718281,0.0011100287606202982
0.33129700024922687,0.005808609616887072,0.05169328053792318,0.0007898114916363322,0.05,10,100,10,"(0.0, 1.0)","{'model__learning_rate': 0.05, 'model__min_data_in_leaf': 10, 'model__n_estimators': 100, 'model__num_leaves': 10, 'winsorizer__limits': (0.0, 1.0)}",0.2384074158143168,0.3519329128161618,0.19766729282946127,0.26266920715331327,0.06527350798347431,83,0.9787212220570738,0.9780697946586608,0.9788428279782166,0.9785446148979838,0.00033939916987450617
0.3369685808817546,0.007742190823371162,0.05631128946940104,0.004424017861680085,0.05,10,100,10,"(0.005, 0.995)","{'model__learning_rate': 0.05, 'model__min_data_in_leaf': 10, 'model__n_estimators': 100, 'model__num_leaves': 10, 'winsorizer__limits': (0.005, 0.995)}",0.2384074158143168,0.3519329128161618,0.19766729282946127,0.26266920715331327,0.06527350798347431,83,0.9787212220570738,0.9780697946586608,0.9788428279782166,0.9785446148979838,0.00033939916987450617
0.33820001284281415,0.007577267506211619,0.04821658134460449,0.002546270449940124,0.05,10,100,20,"(0.0, 1.0)","{'model__learning_rate': 0.05, 'model__min_data_in_leaf': 10, 'model__n_estimators': 100, 'model__num_leaves': 20, 'winsorizer__limits': (0.0, 1.0)}",0.2384074158143168,0.3519329128161618,0.19766729282946127,0.26266920715331327,0.06527350798347431,83,0.9787212220570738,0.9780697946586608,0.9788428279782166,0.9785446148979838,0.00033939916987450617
0.32912294069925946,0.004029868161735281,0.05083171526590983,0.0004580549934591627,0.05,10,100,20,"(0.005, 0.995)","{'model__learning_rate': 0.05, 'model__min_data_in_leaf': 10, 'model__n_estimators': 100, 'model__num_leaves': 20, 'winsorizer__limits': (0.005, 0.995)}",0.2384074158143168,0.3519329128161618,0.19766729282946127,0.26266920715331327,0.06527350798347431,83,0.9787212220570738,0.9780697946586608,0.9788428279782166,0.9785446148979838,0.00033939916987450617
0.28564993540445965,0.0036554511402929523,0.049616336822509766,0.0003714608900969465,0.05,20,20,5,"(0.0, 1.0)","{'model__learning_rate': 0.05, 'model__min_data_in_leaf': 20, 'model__n_estimators': 20, 'model__num_leaves': 5, 'winsorizer__limits': (0.0, 1.0)}",0.27617854021054433,0.3232383492751595,0.3469432938934497,0.3154533944597178,0.029409371885612903,29,0.40509254339676837,0.363853731511633,0.4735119223032277,0.41415273240387634,0.04522385042249893
0.28470007578531903,0.0014760618855947046,0.055264949798583984,0.004718769724162038,0.05,20,20,5,"(0.005, 0.995)","{'model__learning_rate': 0.05, 'model__min_data_in_leaf': 20, 'model__n_estimators': 20, 'model__num_leaves': 5, 'winsorizer__limits': (0.005, 0.995)}",0.27617854021054433,0.3232383492751595,0.3469432938934497,0.3154533944597178,0.029409371885612903,29,0.40509254339676837,0.363853731511633,0.4735119223032277,0.41415273240387634,0.04522385042249893
0.2823905150095622,0.0019041963429731023,0.050554513931274414,0.002045935781920049,0.05,20,20,10,"(0.0, 1.0)","{'model__learning_rate': 0.05, 'model__min_data_in_leaf': 20, 'model__n_estimators': 20, 'model__num_leaves': 10, 'winsorizer__limits': (0.0, 1.0)}",0.27617854021054433,0.3232383492751595,0.3469432938934497,0.3154533944597178,0.029409371885612903,29,0.40509254339676837,0.363853731511633,0.4735119223032277,0.41415273240387634,0.04522385042249893
0.28313199679056805,0.0008497897805881514,0.05205670992533366,0.003714517396701688,0.05,20,20,10,"(0.005, 0.995)","{'model__learning_rate': 0.05, 'model__min_data_in_leaf': 20, 'model__n_estimators': 20, 'model__num_leaves': 10, 'winsorizer__limits': (0.005, 0.995)}",0.27617854021054433,0.3232383492751595,0.3469432938934497,0.3154533944597178,0.029409371885612903,29,0.40509254339676837,0.363853731511633,0.4735119223032277,0.41415273240387634,0.04522385042249893
0.29789042472839355,0.014921727618336163,0.06802121798197429,0.02566556315969876,0.05,20,20,20,"(0.0, 1.0)","{'model__learning_rate': 0.05, 'model__min_data_in_leaf': 20, 'model__n_estimators': 20, 'model__num_leaves': 20, 'winsorizer__limits': (0.0, 1.0)}",0.27617854021054433,0.3232383492751595,0.3469432938934497,0.3154533944597178,0.029409371885612903,29,0.40509254339676837,0.363853731511633,0.4735119223032277,0.41415273240387634,0.04522385042249893
0.41341280937194824,0.014333247822482199,0.050131003061930336,0.0007105460700944489,0.05,20,20,20,"(0.005, 0.995)","{'model__learning_rate': 0.05, 'model__min_data_in_leaf': 20, 'model__n_estimators': 20, 'model__num_leaves': 20, 'winsorizer__limits': (0.005, 0.995)}",0.27617854021054433,0.3232383492751595,0.3469432938934497,0.3154533944597178,0.029409371885612903,29,0.40509254339676837,0.363853731511633,0.4735119223032277,0.41415273240387634,0.04522385042249893
0.30038928985595703,0.003751893608410047,0.04684575398763021,0.003495051024945164,0.05,20,50,5,"(0.0, 1.0)","{'model__learning_rate': 0.05, 'model__min_data_in_leaf': 20, 'model__n_estimators': 50, 'model__num_leaves': 5, 'winsorizer__limits': (0.0, 1.0)}",0.3146332026155615,0.39474109317335715,0.2673254430370483,0.32556657960865565,0.05258859841112207,17,0.603194122182137,0.5269746956038143,0.6818471187246056,0.6040053121701856,0.06322900380217866
0.29801074663798016,0.006242704508860482,0.050033171971639,0.0014720533343311507,0.05,20,50,5,"(0.005, 0.995)","{'model__learning_rate': 0.05, 'model__min_data_in_leaf': 20, 'model__n_estimators': 50, 'model__num_leaves': 5, 'winsorizer__limits': (0.005, 0.995)}",0.3146332026155615,0.39474109317335715,0.2673254430370483,0.32556657960865565,0.05258859841112207,17,0.603194122182137,0.5269746956038143,0.6818471187246056,0.6040053121701856,0.06322900380217866
0.29876136779785156,0.004882135707547038,0.05140066146850586,0.001493777786142236,0.05,20,50,10,"(0.0, 1.0)","{'model__learning_rate': 0.05, 'model__min_data_in_leaf': 20, 'model__n_estimators': 50, 'model__num_leaves': 10, 'winsorizer__limits': (0.0, 1.0)}",0.3146332026155615,0.39474109317335715,0.2673254430370483,0.32556657960865565,0.05258859841112207,17,0.603194122182137,0.5269746956038143,0.6818471187246056,0.6040053121701856,0.06322900380217866
0.2989465395609538,0.003471514516130529,0.050905068715413414,0.0008739504887393681,0.05,20,50,10,"(0.005, 0.995)","{'model__learning_rate': 0.05, 'model__min_data_in_leaf': 20, 'model__n_estimators': 50, 'model__num_leaves': 10, 'winsorizer__limits': (0.005, 0.995)}",0.3146332026155615,0.39474109317335715,0.2673254430370483,0.32556657960865565,0.05258859841112207,17,0.603194122182137,0.5269746956038143,0.6818471187246056,0.6040053121701856,0.06322900380217866
0.2942818800608317,0.005455868447045308,0.04963604609171549,0.0005314340442150248,0.05,20,50,20,"(0.0, 1.0)","{'model__learning_rate': 0.05, 'model__min_data_in_leaf': 20, 'model__n_estimators': 50, 'model__num_leaves': 20, 'winsorizer__limits': (0.0, 1.0)}",0.3146332026155615,0.39474109317335715,0.2673254430370483,0.32556657960865565,0.05258859841112207,17,0.603194122182137,0.5269746956038143,0.6818471187246056,0.6040053121701856,0.06322900380217866
0.34881361325581867,0.03892855966076844,0.05042672157287598,0.001128516225186832,0.05,20,50,20,"(0.005, 0.995)","{'model__learning_rate': 0.05, 'model__min_data_in_leaf': 20, 'model__n_estimators': 50, 'model__num_leaves': 20, 'winsorizer__limits': (0.005, 0.995)}",0.3146332026155615,0.39474109317335715,0.2673254430370483,0.32556657960865565,0.05258859841112207,17,0.603194122182137,0.5269746956038143,0.6818471187246056,0.6040053121701856,0.06322900380217866
0.3532966772715251,0.03781903223543495,0.05023113886515299,0.0005025428689412021,0.05,20,100,5,"(0.0, 1.0)","{'model__learning_rate': 0.05, 'model__min_data_in_leaf': 20, 'model__n_estimators': 100, 'model__num_leaves': 5, 'winsorizer__limits': (0.0, 1.0)}",0.33155630634040123,0.3827562786813119,0.163460689745898,0.2925910915892037,0.09367089481116929,51,0.7714259657110268,0.7279368602523089,0.8316406099163017,0.7770011452932124,0.042520025824100346
0.30640649795532227,0.004336942012007584,0.05051032702128092,0.00010691690308262465,0.05,20,100,5,"(0.005, 0.995)","{'model__learning_rate': 0.05, 'model__min_data_in_leaf': 20, 'model__n_estimators': 100, 'model__num_leaves': 5, 'winsorizer__limits': (0.005, 0.995)}",0.33155630634040123,0.3827562786813119,0.163460689745898,0.2925910915892037,0.09367089481116929,51,0.7714259657110268,0.7279368602523089,0.8316406099163017,0.7770011452932124,0.042520025824100346
0.316468079884847,0.0077690523740583635,0.050480922063191734,0.0015721538568101577,0.05,20,100,10,"(0.0, 1.0)","{'model__learning_rate': 0.05, 'model__min_data_in_leaf': 20, 'model__n_estimators': 100, 'model__num_leaves': 10, 'winsorizer__limits': (0.0, 1.0)}",0.33155630634040123,0.3827562786813119,0.163460689745898,0.2925910915892037,0.09367089481116929,51,0.7714259657110268,0.7279368602523089,0.8316406099163017,0.7770011452932124,0.042520025824100346
0.30583667755126953,0.0066925831869485775,0.04971496264139811,0.0014559394277300602,0.05,20,100,10,"(0.005, 0.995)","{'model__learning_rate': 0.05, 'model__min_data_in_leaf': 20, 'model__n_estimators': 100, 'model__num_leaves': 10, 'winsorizer__limits': (0.005, 0.995)}",0.33155630634040123,0.3827562786813119,0.163460689745898,0.2925910915892037,0.09367089481116929,51,0.7714259657110268,0.7279368602523089,0.8316406099163017,0.7770011452932124,0.042520025824100346
0.30927832921346027,0.009557382621891711,0.05042767524719238,0.0005975534778763271,0.05,20,100,20,"(0.0, 1.0)","{'model__learning_rate': 0.05, 'model__min_data_in_leaf': 20, 'model__n_estimators': 100, 'model__num_leaves': 20, 'winsorizer__limits': (0.0, 1.0)}",0.33155630634040123,0.3827562786813119,0.163460689745898,0.2925910915892037,0.09367089481116929,51,0.7714259657110268,0.7279368602523089,0.8316406099163017,0.7770011452932124,0.042520025824100346
0.3283826510111491,0.0034047659246555905,0.05115636189778646,0.002126279253241206,0.05,20,100,20,"(0.005, 0.995)","{'model__learning_rate': 0.05, 'model__min_data_in_leaf': 20, 'model__n_estimators': 100, 'model__num_leaves': 20, 'winsorizer__limits': (0.005, 0.995)}",0.33155630634040123,0.3827562786813119,0.163460689745898,0.2925910915892037,0.09367089481116929,51,0.7714259657110268,0.7279368602523089,0.8316406099163017,0.7770011452932124,0.042520025824100346
0.29897475242614746,0.009748920768893663,0.050586303075154625,0.002483385898404071,0.05,50,20,5,"(0.0, 1.0)","{'model__learning_rate': 0.05, 'model__min_data_in_leaf': 50, 'model__n_estimators': 20, 'model__num_leaves': 5, 'winsorizer__limits': (0.0, 1.0)}",-0.11784795942024262,-0.17846069815764953,-8.385541595012924e-05,-0.09879750433128076,0.07405747491395519,109,0.0,0.0,1.1102230246251565e-16,3.700743415417188e-17,5.233641528945917e-17
0.2985563278198242,0.006715627825171051,0.06128390630086263,0.009108454366847813,0.05,50,20,5,"(0.005, 0.995)","{'model__learning_rate': 0.05, 'model__min_data_in_leaf': 50, 'model__n_estimators': 20, 'model__num_leaves': 5, 'winsorizer__limits': (0.005, 0.995)}",-0.11784795942024262,-0.17846069815764953,-8.385541595012924e-05,-0.09879750433128076,0.07405747491395519,109,0.0,0.0,1.1102230246251565e-16,3.700743415417188e-17,5.233641528945917e-17
0.30530357360839844,0.01382546372805888,0.055635293324788414,0.004276979278267379,0.05,50,20,10,"(0.0, 1.0)","{'model__learning_rate': 0.05, 'model__min_data_in_leaf': 50, 'model__n_estimators': 20, 'model__num_leaves': 10, 'winsorizer__limits': (0.0, 1.0)}",-0.11784795942024262,-0.17846069815764953,-8.385541595012924e-05,-0.09879750433128076,0.07405747491395519,109,0.0,0.0,1.1102230246251565e-16,3.700743415417188e-17,5.233641528945917e-17
0.28302208582560223,0.003647392231672469,0.04935288429260254,0.0005027882485993873,0.05,50,20,10,"(0.005, 0.995)","{'model__learning_rate': 0.05, 'model__min_data_in_leaf': 50, 'model__n_estimators': 20, 'model__num_leaves': 10, 'winsorizer__limits': (0.005, 0.995)}",-0.11784795942024262,-0.17846069815764953,-8.385541595012924e-05,-0.09879750433128076,0.07405747491395519,109,0.0,0.0,1.1102230246251565e-16,3.700743415417188e-17,5.233641528945917e-17
0.2844998836517334,0.006855231465239337,0.049141883850097656,0.0006223487015652742,0.05,50,20,20,"(0.0, 1.0)","{'model__learning_rate': 0.05, 'model__min_data_in_leaf': 50, 'model__n_estimators': 20, 'model__num_leaves': 20, 'winsorizer__limits': (0.0, 1.0)}",-0.11784795942024262,-0.17846069815764953,-8.385541595012924e-05,-0.09879750433128076,0.07405747491395519,109,0.0,0.0,1.1102230246251565e-16,3.700743415417188e-17,5.233641528945917e-17
0.30129146575927734,0.008800211437926395,0.05126460393269857,0.002714696336364899,0.05,50,20,20,"(0.005, 0.995)","{'model__learning_rate': 0.05, 'model__min_data_in_leaf': 50, 'model__n_estimators': 20, 'model__num_leaves': 20, 'winsorizer__limits': (0.005, 0.995)}",-0.11784795942024262,-0.17846069815764953,-8.385541595012924e-05,-0.09879750433128076,0.07405747491395519,109,0.0,0.0,1.1102230246251565e-16,3.700743415417188e-17,5.233641528945917e-17
0.28496185938517254,0.003928552627203815,0.0495766798655192,0.00012771187172411945,0.05,50,50,5,"(0.0, 1.0)","{'model__learning_rate': 0.05, 'model__min_data_in_leaf': 50, 'model__n_estimators': 50, 'model__num_leaves': 5, 'winsorizer__limits': (0.0, 1.0)}",-0.11784795942024262,-0.17846069815764953,-8.385541595012924e-05,-0.09879750433128076,0.07405747491395519,109,0.0,0.0,1.1102230246251565e-16,3.700743415417188e-17,5.233641528945917e-17
0.2797231674194336,0.000849552967772031,0.04998238881429037,0.0011619052710213607,0.05,50,50,5,"(0.005, 0.995)","{'model__learning_rate': 0.05, 'model__min_data_in_leaf': 50, 'model__n_estimators': 50, 'model__num_leaves': 5, 'winsorizer__limits': (0.005, 0.995)}",-0.11784795942024262,-0.17846069815764953,-8.385541595012924e-05,-0.09879750433128076,0.07405747491395519,109,0.0,0.0,1.1102230246251565e-16,3.700743415417188e-17,5.233641528945917e-17
0.29213500022888184,0.001209495000074135,0.0502472718556722,0.0007052242722277188,0.05,50,50,10,"(0.0, 1.0)","{'model__learning_rate': 0.05, 'model__min_data_in_leaf': 50, 'model__n_estimators': 50, 'model__num_leaves': 10, 'winsorizer__limits': (0.0, 1.0)}",-0.11784795942024262,-0.17846069815764953,-8.385541595012924e-05,-0.09879750433128076,0.07405747491395519,109,0.0,0.0,1.1102230246251565e-16,3.700743415417188e-17,5.233641528945917e-17
0.2828217347462972,0.004584852921470699,0.05110430717468262,0.0007498468867282854,0.05,50,50,10,"(0.005, 0.995)","{'model__learning_rate': 0.05, 'model__min_data_in_leaf': 50, 'model__n_estimators': 50, 'model__num_leaves': 10, 'winsorizer__limits': (0.005, 0.995)}",-0.11784795942024262,-0.17846069815764953,-8.385541595012924e-05,-0.09879750433128076,0.07405747491395519,109,0.0,0.0,1.1102230246251565e-16,3.700743415417188e-17,5.233641528945917e-17
0.2802083492279053,0.004269175369557126,0.04949307441711426,0.0005048125932228989,0.05,50,50,20,"(0.0, 1.0)","{'model__learning_rate': 0.05, 'model__min_data_in_leaf': 50, 'model__n_estimators': 50, 'model__num_leaves': 20, 'winsorizer__limits': (0.0, 1.0)}",-0.11784795942024262,-0.17846069815764953,-8.385541595012924e-05,-0.09879750433128076,0.07405747491395519,109,0.0,0.0,1.1102230246251565e-16,3.700743415417188e-17,5.233641528945917e-17
0.2802480061848958,0.0027888140176476183,0.04959026972452799,0.00017023735823539033,0.05,50,50,20,"(0.005, 0.995)","{'model__learning_rate': 0.05, 'model__min_data_in_leaf': 50, 'model__n_estimators': 50, 'model__num_leaves': 20, 'winsorizer__limits': (0.005, 0.995)}",-0.11784795942024262,-0.17846069815764953,-8.385541595012924e-05,-0.09879750433128076,0.07405747491395519,109,0.0,0.0,1.1102230246251565e-16,3.700743415417188e-17,5.233641528945917e-17
0.2790058453877767,0.005059793945612495,0.05006305376688639,0.0004630913062498226,0.05,50,100,5,"(0.0, 1.0)","{'model__learning_rate': 0.05, 'model__min_data_in_leaf': 50, 'model__n_estimators': 100, 'model__num_leaves': 5, 'winsorizer__limits': (0.0, 1.0)}",-0.11784795942024262,-0.17846069815764953,-8.385541595012924e-05,-0.09879750433128076,0.07405747491395519,109,0.0,0.0,1.1102230246251565e-16,3.700743415417188e-17,5.233641528945917e-17
0.2782896359761556,0.0016036527324970115,0.05056301752726237,0.0006791415151574473,0.05,50,100,5,"(0.005, 0.995)","{'model__learning_rate': 0.05, 'model__min_data_in_leaf': 50, 'model__n_estimators': 100, 'model__num_leaves': 5, 'winsorizer__limits': (0.005, 0.995)}",-0.11784795942024262,-0.17846069815764953,-8.385541595012924e-05,-0.09879750433128076,0.07405747491395519,109,0.0,0.0,1.1102230246251565e-16,3.700743415417188e-17,5.233641528945917e-17
0.2777799765268962,0.0014232026031543085,0.04951397577921549,0.0001871177638272185,0.05,50,100,10,"(0.0, 1.0)","{'model__learning_rate': 0.05, 'model__min_data_in_leaf': 50, 'model__n_estimators': 100, 'model__num_leaves': 10, 'winsorizer__limits': (0.0, 1.0)}",-0.11784795942024262,-0.17846069815764953,-8.385541595012924e-05,-0.09879750433128076,0.07405747491395519,109,0.0,0.0,1.1102230246251565e-16,3.700743415417188e-17,5.233641528945917e-17
0.2773265838623047,0.0018663523733257025,0.04932045936584473,0.00042804499811930204,0.05,50,100,10,"(0.005, 0.995)","{'model__learning_rate': 0.05, 'model__min_data_in_leaf': 50, 'model__n_estimators': 100, 'model__num_leaves': 10, 'winsorizer__limits': (0.005, 0.995)}",-0.11784795942024262,-0.17846069815764953,-8.385541595012924e-05,-0.09879750433128076,0.07405747491395519,109,0.0,0.0,1.1102230246251565e-16,3.700743415417188e-17,5.233641528945917e-17
0.27878959973653156,0.006234277231508888,0.049772024154663086,0.0005495914225001075,0.05,50,100,20,"(0.0, 1.0)","{'model__learning_rate': 0.05, 'model__min_data_in_leaf': 50, 'model__n_estimators': 100, 'model__num_leaves': 20, 'winsorizer__limits': (0.0, 1.0)}",-0.11784795942024262,-0.17846069815764953,-8.385541595012924e-05,-0.09879750433128076,0.07405747491395519,109,0.0,0.0,1.1102230246251565e-16,3.700743415417188e-17,5.233641528945917e-17
0.2736169497172038,0.001633222193076637,0.05025172233581543,0.0007687660095752616,0.05,50,100,20,"(0.005, 0.995)","{'model__learning_rate': 0.05, 'model__min_data_in_leaf': 50, 'model__n_estimators': 100, 'model__num_leaves': 20, 'winsorizer__limits': (0.005, 0.995)}",-0.11784795942024262,-0.17846069815764953,-8.385541595012924e-05,-0.09879750433128076,0.07405747491395519,109,0.0,0.0,1.1102230246251565e-16,3.700743415417188e-17,5.233641528945917e-17
0.2924635410308838,0.001244860200559247,0.04952104886372884,9.509810192729988e-05,0.075,10,20,5,"(0.0, 1.0)","{'model__learning_rate': 0.075, 'model__min_data_in_leaf': 10, 'model__n_estimators': 20, 'model__num_leaves': 5, 'winsorizer__limits': (0.0, 1.0)}",0.28990335744671836,0.3518969709123758,0.2998929603308149,0.31389776289663635,0.027177231877842965,35,0.7609405692767712,0.7586121097895295,0.7784649450915139,0.7660058747192715,0.00886102916525676
0.29264672597249347,0.005399896132567754,0.0497589111328125,0.00024109765682615473,0.075,10,20,5,"(0.005, 0.995)","{'model__learning_rate': 0.075, 'model__min_data_in_leaf': 10, 'model__n_estimators': 20, 'model__num_leaves': 5, 'winsorizer__limits': (0.005, 0.995)}",0.28990335744671836,0.3518969709123758,0.2998929603308149,0.31389776289663635,0.027177231877842965,35,0.7609405692767712,0.7586121097895295,0.7784649450915139,0.7660058747192715,0.00886102916525676
0.2886083920796712,0.0016887101318697477,0.0495919386545817,0.00043976625573941566,0.075,10,20,10,"(0.0, 1.0)","{'model__learning_rate': 0.075, 'model__min_data_in_leaf': 10, 'model__n_estimators': 20, 'model__num_leaves': 10, 'winsorizer__limits': (0.0, 1.0)}",0.3199120141183093,0.3552457222809332,0.3136866833626373,0.32961480658729325,0.018301121372295528,13,0.7853499173337561,0.7610838695753246,0.7808674991927029,0.7757670953672612,0.01054263907000379
0.2875344753265381,0.001755452419271004,0.0505972703297933,0.0017034321497464767,0.075,10,20,10,"(0.005, 0.995)","{'model__learning_rate': 0.075, 'model__min_data_in_leaf': 10, 'model__n_estimators': 20, 'model__num_leaves': 10, 'winsorizer__limits': (0.005, 0.995)}",0.3199120141183093,0.3552457222809332,0.3136866833626373,0.32961480658729325,0.018301121372295528,13,0.7853499173337561,0.7610838695753246,0.7808674991927029,0.7757670953672612,0.01054263907000379
0.2920769850413005,0.003048169398922868,0.04974659283955892,0.0006973336643551938,0.075,10,20,20,"(0.0, 1.0)","{'model__learning_rate': 0.075, 'model__min_data_in_leaf': 10, 'model__n_estimators': 20, 'model__num_leaves': 20, 'winsorizer__limits': (0.0, 1.0)}",0.3199120141183093,0.3552457222809332,0.3136866833626373,0.32961480658729325,0.018301121372295528,13,0.7853499173337561,0.7610838695753246,0.7808674991927029,0.7757670953672612,0.01054263907000379
0.293310006459554,0.0019107263611572037,0.050374746322631836,0.0010230168861286512,0.075,10,20,20,"(0.005, 0.995)","{'model__learning_rate': 0.075, 'model__min_data_in_leaf': 10, 'model__n_estimators': 20, 'model__num_leaves': 20, 'winsorizer__limits': (0.005, 0.995)}",0.3199120141183093,0.3552457222809332,0.3136866833626373,0.32961480658729325,0.018301121372295528,13,0.7853499173337561,0.7610838695753246,0.7808674991927029,0.7757670953672612,0.01054263907000379
0.3060007095336914,0.0028619185476439044,0.04628817240397135,0.004411989175094131,0.075,10,50,5,"(0.0, 1.0)","{'model__learning_rate': 0.075, 'model__min_data_in_leaf': 10, 'model__n_estimators': 50, 'model__num_leaves': 5, 'winsorizer__limits': (0.0, 1.0)}",0.245139229576952,0.3685831789466847,0.21801810571020053,0.27724683807794576,0.06552675897380537,71,0.9514603097213186,0.9511604069652617,0.9531301872055155,0.9519169679640319,0.0008665683707213762
0.3094784418741862,0.0046374750745816744,0.07152469952901204,0.02388188372815913,0.075,10,50,5,"(0.005, 0.995)","{'model__learning_rate': 0.075, 'model__min_data_in_leaf': 10, 'model__n_estimators': 50, 'model__num_leaves': 5, 'winsorizer__limits': (0.005, 0.995)}",0.245139229576952,0.3685831789466847,0.21801810571020053,0.27724683807794576,0.06552675897380537,71,0.9514603097213186,0.9511604069652617,0.9531301872055155,0.9519169679640319,0.0008665683707213762
0.3564321994781494,0.025050769716894898,0.06781760851542155,0.022821557962587682,0.075,10,50,10,"(0.0, 1.0)","{'model__learning_rate': 0.075, 'model__min_data_in_leaf': 10, 'model__n_estimators': 50, 'model__num_leaves': 10, 'winsorizer__limits': (0.0, 1.0)}",0.26793942648225755,0.3911302188347848,0.2421031985741291,0.30039094796372384,0.06502352972470311,47,0.9572446808948674,0.9530621054400681,0.9544878173233083,0.9549315345527479,0.0017361159895100137
0.3034980297088623,0.008435048916705379,0.05048759778340658,0.0010551784718960515,0.075,10,50,10,"(0.005, 0.995)","{'model__learning_rate': 0.075, 'model__min_data_in_leaf': 10, 'model__n_estimators': 50, 'model__num_leaves': 10, 'winsorizer__limits': (0.005, 0.995)}",0.26793942648225755,0.3911302188347848,0.2421031985741291,0.30039094796372384,0.06502352972470311,47,0.9572446808948674,0.9530621054400681,0.9544878173233083,0.9549315345527479,0.0017361159895100137
0.30387234687805176,0.0007934278253917526,0.06700936953226726,0.016069814427864322,0.075,10,50,20,"(0.0, 1.0)","{'model__learning_rate': 0.075, 'model__min_data_in_leaf': 10, 'model__n_estimators': 50, 'model__num_leaves': 20, 'winsorizer__limits': (0.0, 1.0)}",0.26793942648225755,0.3911302188347848,0.2421031985741291,0.30039094796372384,0.06502352972470311,47,0.9572446808948674,0.9530621054400681,0.9544878173233083,0.9549315345527479,0.0017361159895100137
0.3408807118733724,0.0038169122083643705,0.04978346824645996,0.0006389784276988711,0.075,10,50,20,"(0.005, 0.995)","{'model__learning_rate': 0.075, 'model__min_data_in_leaf': 10, 'model__n_estimators': 50, 'model__num_leaves': 20, 'winsorizer__limits': (0.005, 0.995)}",0.26793942648225755,0.3911302188347848,0.2421031985741291,0.30039094796372384,0.06502352972470311,47,0.9572446808948674,0.9530621054400681,0.9544878173233083,0.9549315345527479,0.0017361159895100137
0.3439575831095378,0.012252403945153444,0.05051541328430176,0.0005127973324334303,0.075,10,100,5,"(0.0, 1.0)","{'model__learning_rate': 0.075, 'model__min_data_in_leaf': 10, 'model__n_estimators': 100, 'model__num_leaves': 5, 'winsorizer__limits': (0.0, 1.0)}",0.22980871791594648,0.37127826629471095,0.16502587292448656,0.2553709523783813,0.08612039369692799,93,0.9920538587707683,0.9945356278065973,0.9947839652566581,0.9937911506113414,0.0012326272961352663
0.3216861883799235,0.0039279535523766475,0.05261365572611491,0.0031876940662793713,0.075,10,100,5,"(0.005, 0.995)","{'model__learning_rate': 0.075, 'model__min_data_in_leaf': 10, 'model__n_estimators': 100, 'model__num_leaves': 5, 'winsorizer__limits': (0.005, 0.995)}",0.22980871791594648,0.37127826629471095,0.16502587292448656,0.2553709523783813,0.08612039369692799,93,0.9920538587707683,0.9945356278065973,0.9947839652566581,0.9937911506113414,0.0012326272961352663
0.3239380518595378,0.0020449637122638654,0.051665703455607094,0.004291422848369561,0.075,10,100,10,"(0.0, 1.0)","{'model__learning_rate': 0.075, 'model__min_data_in_leaf': 10, 'model__n_estimators': 100, 'model__num_leaves': 10, 'winsorizer__limits': (0.0, 1.0)}",0.2601256430364748,0.381674126202587,0.18514348611464637,0.2756477517845694,0.08098055329659777,73,0.9930519495599053,0.9947632428468445,0.9945217186080567,0.9941123036716021,0.0007562392130910511
0.3307839234670003,0.0010976140308800355,0.05261699358622233,0.003960506377997203,0.075,10,100,10,"(0.005, 0.995)","{'model__learning_rate': 0.075, 'model__min_data_in_leaf': 10, 'model__n_estimators': 100, 'model__num_leaves': 10, 'winsorizer__limits': (0.005, 0.995)}",0.2601256430364748,0.381674126202587,0.18514348611464637,0.2756477517845694,0.08098055329659777,73,0.9930519495599053,0.9947632428468445,0.9945217186080567,0.9941123036716021,0.0007562392130910511
0.3332044283548991,0.0015150277587526759,0.04997523625691732,0.000896061402453319,0.075,10,100,20,"(0.0, 1.0)","{'model__learning_rate': 0.075, 'model__min_data_in_leaf': 10, 'model__n_estimators': 100, 'model__num_leaves': 20, 'winsorizer__limits': (0.0, 1.0)}",0.2601256430364748,0.381674126202587,0.18514348611464637,0.2756477517845694,0.08098055329659777,73,0.9930519495599053,0.9947632428468445,0.9945217186080567,0.9941123036716021,0.0007562392130910511
0.33998799324035645,0.0045376067879467465,0.048281351725260414,0.001235857637306248,0.075,10,100,20,"(0.005, 0.995)","{'model__learning_rate': 0.075, 'model__min_data_in_leaf': 10, 'model__n_estimators': 100, 'model__num_leaves': 20, 'winsorizer__limits': (0.005, 0.995)}",0.2601256430364748,0.381674126202587,0.18514348611464637,0.2756477517845694,0.08098055329659777,73,0.9930519495599053,0.9947632428468445,0.9945217186080567,0.9941123036716021,0.0007562392130910511
0.3149863084157308,0.028049562131366106,0.04924837748209635,0.0010766973939889352,0.075,20,20,5,"(0.0, 1.0)","{'model__learning_rate': 0.075, 'model__min_data_in_leaf': 20, 'model__n_estimators': 20, 'model__num_leaves': 5, 'winsorizer__limits': (0.0, 1.0)}",0.2965860599618577,0.3741335783501114,0.33654764872406984,0.3357557623453464,0.03166359334284663,1,0.491477581644872,0.4306709173988399,0.5640756457484775,0.4954080482640631,0.05453312028723816
0.3089243570963542,0.0275489593077222,0.05159433682759603,0.00486225397032789,0.075,20,20,5,"(0.005, 0.995)","{'model__learning_rate': 0.075, 'model__min_data_in_leaf': 20, 'model__n_estimators': 20, 'model__num_leaves': 5, 'winsorizer__limits': (0.005, 0.995)}",0.2965860599618577,0.3741335783501114,0.33654764872406984,0.3357557623453464,0.03166359334284663,1,0.491477581644872,0.4306709173988399,0.5640756457484775,0.4954080482640631,0.05453312028723816
0.2982529004414876,0.008950386269474774,0.052640040715535484,0.0016217242071129819,0.075,20,20,10,"(0.0, 1.0)","{'model__learning_rate': 0.075, 'model__min_data_in_leaf': 20, 'model__n_estimators': 20, 'model__num_leaves': 10, 'winsorizer__limits': (0.0, 1.0)}",0.2965860599618577,0.3741335783501114,0.33654764872406984,0.3357557623453464,0.03166359334284663,1,0.491477581644872,0.4306709173988399,0.5640756457484775,0.4954080482640631,0.05453312028723816
0.28900400797526044,0.004337171424403251,0.05070932706197103,0.0005516267581646526,0.075,20,20,10,"(0.005, 0.995)","{'model__learning_rate': 0.075, 'model__min_data_in_leaf': 20, 'model__n_estimators': 20, 'model__num_leaves': 10, 'winsorizer__limits': (0.005, 0.995)}",0.2965860599618577,0.3741335783501114,0.33654764872406984,0.3357557623453464,0.03166359334284663,1,0.491477581644872,0.4306709173988399,0.5640756457484775,0.4954080482640631,0.05453312028723816
0.3005976676940918,0.009482671336208672,0.05005764961242676,0.0005410070430219154,0.075,20,20,20,"(0.0, 1.0)","{'model__learning_rate': 0.075, 'model__min_data_in_leaf': 20, 'model__n_estimators': 20, 'model__num_leaves': 20, 'winsorizer__limits': (0.0, 1.0)}",0.2965860599618577,0.3741335783501114,0.33654764872406984,0.3357557623453464,0.03166359334284663,1,0.491477581644872,0.4306709173988399,0.5640756457484775,0.4954080482640631,0.05453312028723816
0.30914306640625,0.03233659314924559,0.04917295773824056,0.0006613400286822858,0.075,20,20,20,"(0.005, 0.995)","{'model__learning_rate': 0.075, 'model__min_data_in_leaf': 20, 'model__n_estimators': 20, 'model__num_leaves': 20, 'winsorizer__limits': (0.005, 0.995)}",0.2965860599618577,0.3741335783501114,0.33654764872406984,0.3357557623453464,0.03166359334284663,1,0.491477581644872,0.4306709173988399,0.5640756457484775,0.4954080482640631,0.05453312028723816
0.29615362485249835,0.0032692337241010277,0.0516203244527181,0.0011678090578599242,0.075,20,50,5,"(0.0, 1.0)","{'model__learning_rate': 0.075, 'model__min_data_in_leaf': 20, 'model__n_estimators': 50, 'model__num_leaves': 5, 'winsorizer__limits': (0.0, 1.0)}",0.33580395070271096,0.40518452454528053,0.22059670968292755,0.320528394976973,0.0761278411663003,23,0.7050056354658862,0.6479103367753711,0.7722656099907428,0.708393860744,0.05082432847248694
0.3701966603597005,0.020561333656773595,0.06690390904744466,0.014885483484068315,0.075,20,50,5,"(0.005, 0.995)","{'model__learning_rate': 0.075, 'model__min_data_in_leaf': 20, 'model__n_estimators': 50, 'model__num_leaves': 5, 'winsorizer__limits': (0.005, 0.995)}",0.33580395070271096,0.40518452454528053,0.22059670968292755,0.320528394976973,0.0761278411663003,23,0.7050056354658862,0.6479103367753711,0.7722656099907428,0.708393860744,0.05082432847248694
0.3519413471221924,0.020635336310703408,0.04900225003560384,0.0008260734675369109,0.075,20,50,10,"(0.0, 1.0)","{'model__learning_rate': 0.075, 'model__min_data_in_leaf': 20, 'model__n_estimators': 50, 'model__num_leaves': 10, 'winsorizer__limits': (0.0, 1.0)}",0.33580395070271096,0.40518452454528053,0.22059670968292755,0.320528394976973,0.0761278411663003,23,0.7050056354658862,0.6479103367753711,0.7722656099907428,0.708393860744,0.05082432847248694
0.2921498616536458,0.004733125490018684,0.05010843276977539,0.0002639857530307935,0.075,20,50,10,"(0.005, 0.995)","{'model__learning_rate': 0.075, 'model__min_data_in_leaf': 20, 'model__n_estimators': 50, 'model__num_leaves': 10, 'winsorizer__limits': (0.005, 0.995)}",0.33580395070271096,0.40518452454528053,0.22059670968292755,0.320528394976973,0.0761278411663003,23,0.7050056354658862,0.6479103367753711,0.7722656099907428,0.708393860744,0.05082432847248694
0.2955459753672282,0.0026501917490663477,0.050020297368367515,0.0006951587573190482,0.075,20,50,20,"(0.0, 1.0)","{'model__learning_rate': 0.075, 'model__min_data_in_leaf': 20, 'model__n_estimators': 50, 'model__num_leaves': 20, 'winsorizer__limits': (0.0, 1.0)}",0.33580395070271096,0.40518452454528053,0.22059670968292755,0.320528394976973,0.0761278411663003,23,0.7050056354658862,0.6479103367753711,0.7722656099907428,0.708393860744,0.05082432847248694
0.29604355494181317,0.003637242747486444,0.05162874857584635,0.0008671583697463458,0.075,20,50,20,"(0.005, 0.995)","{'model__learning_rate': 0.075, 'model__min_data_in_leaf': 20, 'model__n_estimators': 50, 'model__num_leaves': 20, 'winsorizer__limits': (0.005, 0.995)}",0.33580395070271096,0.40518452454528053,0.22059670968292755,0.320528394976973,0.0761278411663003,23,0.7050056354658862,0.6479103367753711,0.7722656099907428,0.708393860744,0.05082432847248694
0.30220460891723633,0.0020384970045117983,0.05137801170349121,0.0010665845511302792,0.075,20,100,5,"(0.0, 1.0)","{'model__learning_rate': 0.075, 'model__min_data_in_leaf': 20, 'model__n_estimators': 100, 'model__num_leaves': 5, 'winsorizer__limits': (0.0, 1.0)}",0.31985334502290774,0.34181073598776723,0.1312613915725812,0.2643084908610854,0.09450460209714566,77,0.858757477501737,0.8268459815697778,0.9020904221196723,0.8625646270637292,0.030836150313738164
0.303783655166626,0.0034533092230136075,0.052066644032796226,0.00305245620175274,0.075,20,100,5,"(0.005, 0.995)","{'model__learning_rate': 0.075, 'model__min_data_in_leaf': 20, 'model__n_estimators': 100, 'model__num_leaves': 5, 'winsorizer__limits': (0.005, 0.995)}",0.31985334502290774,0.34181073598776723,0.1312613915725812,0.2643084908610854,0.09450460209714566,77,0.858757477501737,0.8268459815697778,0.9020904221196723,0.8625646270637292,0.030836150313738164
0.3110525608062744,0.005228931105950452,0.050220092137654625,0.0011262453965455814,0.075,20,100,10,"(0.0, 1.0)","{'model__learning_rate': 0.075, 'model__min_data_in_leaf': 20, 'model__n_estimators': 100, 'model__num_leaves': 10, 'winsorizer__limits': (0.0, 1.0)}",0.31985334502290774,0.34181073598776723,0.1312613915725812,0.2643084908610854,0.09450460209714566,77,0.858757477501737,0.8268459815697778,0.9020904221196723,0.8625646270637292,0.030836150313738164
0.3037383556365967,0.002398323920044725,0.05102237065633138,0.002158701399989719,0.075,20,100,10,"(0.005, 0.995)","{'model__learning_rate': 0.075, 'model__min_data_in_leaf': 20, 'model__n_estimators': 100, 'model__num_leaves': 10, 'winsorizer__limits': (0.005, 0.995)}",0.31985334502290774,0.34181073598776723,0.1312613915725812,0.2643084908610854,0.09450460209714566,77,0.858757477501737,0.8268459815697778,0.9020904221196723,0.8625646270637292,0.030836150313738164
0.3041066328684489,0.0018778564341650548,0.05159767468770345,0.0027641709040740962,0.075,20,100,20,"(0.0, 1.0)","{'model__learning_rate': 0.075, 'model__min_data_in_leaf': 20, 'model__n_estimators': 100, 'model__num_leaves': 20, 'winsorizer__limits': (0.0, 1.0)}",0.31985334502290774,0.34181073598776723,0.1312613915725812,0.2643084908610854,0.09450460209714566,77,0.858757477501737,0.8268459815697778,0.9020904221196723,0.8625646270637292,0.030836150313738164
0.31685400009155273,0.003657668656274214,0.05030600229899088,0.0010706808353737021,0.075,20,100,20,"(0.005, 0.995)","{'model__learning_rate': 0.075, 'model__min_data_in_leaf': 20, 'model__n_estimators': 100, 'model__num_leaves': 20, 'winsorizer__limits': (0.005, 0.995)}",0.31985334502290774,0.34181073598776723,0.1312613915725812,0.2643084908610854,0.09450460209714566,77,0.858757477501737,0.8268459815697778,0.9020904221196723,0.8625646270637292,0.030836150313738164
0.2828773657480876,0.001426548453055026,0.05026602745056152,0.0005225341552714934,0.075,50,20,5,"(0.0, 1.0)","{'model__learning_rate': 0.075, 'model__min_data_in_leaf': 50, 'model__n_estimators': 20, 'model__num_leaves': 5, 'winsorizer__limits': (0.0, 1.0)}",-0.11784795942024262,-0.17846069815764953,-8.385541595012924e-05,-0.09879750433128076,0.07405747491395519,109,0.0,0.0,1.1102230246251565e-16,3.700743415417188e-17,5.233641528945917e-17
0.2726325988769531,0.00032512445005985146,0.05079364776611328,0.0009884705667660277,0.075,50,20,5,"(0.005, 0.995)","{'model__learning_rate': 0.075, 'model__min_data_in_leaf': 50, 'model__n_estimators': 20, 'model__num_leaves': 5, 'winsorizer__limits': (0.005, 0.995)}",-0.11784795942024262,-0.17846069815764953,-8.385541595012924e-05,-0.09879750433128076,0.07405747491395519,109,0.0,0.0,1.1102230246251565e-16,3.700743415417188e-17,5.233641528945917e-17
0.2738616466522217,0.002799022935566611,0.04989147186279297,0.00027483716571541583,0.075,50,20,10,"(0.0, 1.0)","{'model__learning_rate': 0.075, 'model__min_data_in_leaf': 50, 'model__n_estimators': 20, 'model__num_leaves': 10, 'winsorizer__limits': (0.0, 1.0)}",-0.11784795942024262,-0.17846069815764953,-8.385541595012924e-05,-0.09879750433128076,0.07405747491395519,109,0.0,0.0,1.1102230246251565e-16,3.700743415417188e-17,5.233641528945917e-17
0.273957093556722,0.0036429721087164746,0.05045127868652344,0.0004511575480505567,0.075,50,20,10,"(0.005, 0.995)","{'model__learning_rate': 0.075, 'model__min_data_in_leaf': 50, 'model__n_estimators': 20, 'model__num_leaves': 10, 'winsorizer__limits': (0.005, 0.995)}",-0.11784795942024262,-0.17846069815764953,-8.385541595012924e-05,-0.09879750433128076,0.07405747491395519,109,0.0,0.0,1.1102230246251565e-16,3.700743415417188e-17,5.233641528945917e-17
0.2744271755218506,0.0038695979294166316,0.05344080924987793,0.005064793041816259,0.075,50,20,20,"(0.0, 1.0)","{'model__learning_rate': 0.075, 'model__min_data_in_leaf': 50, 'model__n_estimators': 20, 'model__num_leaves': 20, 'winsorizer__limits': (0.0, 1.0)}",-0.11784795942024262,-0.17846069815764953,-8.385541595012924e-05,-0.09879750433128076,0.07405747491395519,109,0.0,0.0,1.1102230246251565e-16,3.700743415417188e-17,5.233641528945917e-17
0.27284932136535645,0.0026944561637029913,0.05088226000467936,0.0006276869296064412,0.075,50,20,20,"(0.005, 0.995)","{'model__learning_rate': 0.075, 'model__min_data_in_leaf': 50, 'model__n_estimators': 20, 'model__num_leaves': 20, 'winsorizer__limits': (0.005, 0.995)}",-0.11784795942024262,-0.17846069815764953,-8.385541595012924e-05,-0.09879750433128076,0.07405747491395519,109,0.0,0.0,1.1102230246251565e-16,3.700743415417188e-17,5.233641528945917e-17
0.27444688479105633,0.0020016564613832776,0.05113403002421061,0.0019202789110113307,0.075,50,50,5,"(0.0, 1.0)","{'model__learning_rate': 0.075, 'model__min_data_in_leaf': 50, 'model__n_estimators': 50, 'model__num_leaves': 5, 'winsorizer__limits': (0.0, 1.0)}",-0.11784795942024262,-0.17846069815764953,-8.385541595012924e-05,-0.09879750433128076,0.07405747491395519,109,0.0,0.0,1.1102230246251565e-16,3.700743415417188e-17,5.233641528945917e-17
0.27677226066589355,0.0024912688141795346,0.05135567982991537,0.0012143529990336392,0.075,50,50,5,"(0.005, 0.995)","{'model__learning_rate': 0.075, 'model__min_data_in_leaf': 50, 'model__n_estimators': 50, 'model__num_leaves': 5, 'winsorizer__limits': (0.005, 0.995)}",-0.11784795942024262,-0.17846069815764953,-8.385541595012924e-05,-0.09879750433128076,0.07405747491395519,109,0.0,0.0,1.1102230246251565e-16,3.700743415417188e-17,5.233641528945917e-17
0.2789730230967204,0.0031477681881552128,0.049947897593180336,0.00044972908365755615,0.075,50,50,10,"(0.0, 1.0)","{'model__learning_rate': 0.075, 'model__min_data_in_leaf': 50, 'model__n_estimators': 50, 'model__num_leaves': 10, 'winsorizer__limits': (0.0, 1.0)}",-0.11784795942024262,-0.17846069815764953,-8.385541595012924e-05,-0.09879750433128076,0.07405747491395519,109,0.0,0.0,1.1102230246251565e-16,3.700743415417188e-17,5.233641528945917e-17
0.28798453013102215,0.002645882643390965,0.05093073844909668,0.001994501744465935,0.075,50,50,10,"(0.005, 0.995)","{'model__learning_rate': 0.075, 'model__min_data_in_leaf': 50, 'model__n_estimators': 50, 'model__num_leaves': 10, 'winsorizer__limits': (0.005, 0.995)}",-0.11784795942024262,-0.17846069815764953,-8.385541595012924e-05,-0.09879750433128076,0.07405747491395519,109,0.0,0.0,1.1102230246251565e-16,3.700743415417188e-17,5.233641528945917e-17
0.2736664613087972,0.003937361434771513,0.052649895350138344,0.0019447192494031565,0.075,50,50,20,"(0.0, 1.0)","{'model__learning_rate': 0.075, 'model__min_data_in_leaf': 50, 'model__n_estimators': 50, 'model__num_leaves': 20, 'winsorizer__limits': (0.0, 1.0)}",-0.11784795942024262,-0.17846069815764953,-8.385541595012924e-05,-0.09879750433128076,0.07405747491395519,109,0.0,0.0,1.1102230246251565e-16,3.700743415417188e-17,5.233641528945917e-17
0.2759808699289958,0.0026553592167269844,0.049576123555501304,0.0006130653122593539,0.075,50,50,20,"(0.005, 0.995)","{'model__learning_rate': 0.075, 'model__min_data_in_leaf': 50, 'model__n_estimators': 50, 'model__num_leaves': 20, 'winsorizer__limits': (0.005, 0.995)}",-0.11784795942024262,-0.17846069815764953,-8.385541595012924e-05,-0.09879750433128076,0.07405747491395519,109,0.0,0.0,1.1102230246251565e-16,3.700743415417188e-17,5.233641528945917e-17
0.27730830510457355,0.0018112328445169244,0.052484353383382164,0.001052060305918203,0.075,50,100,5,"(0.0, 1.0)","{'model__learning_rate': 0.075, 'model__min_data_in_leaf': 50, 'model__n_estimators': 100, 'model__num_leaves': 5, 'winsorizer__limits': (0.0, 1.0)}",-0.11784795942024262,-0.17846069815764953,-8.385541595012924e-05,-0.09879750433128076,0.07405747491395519,109,0.0,0.0,1.1102230246251565e-16,3.700743415417188e-17,5.233641528945917e-17
0.2852850755055745,0.006805568264584739,0.05065170923868815,0.0005701187758963414,0.075,50,100,5,"(0.005, 0.995)","{'model__learning_rate': 0.075, 'model__min_data_in_leaf': 50, 'model__n_estimators': 100, 'model__num_leaves': 5, 'winsorizer__limits': (0.005, 0.995)}",-0.11784795942024262,-0.17846069815764953,-8.385541595012924e-05,-0.09879750433128076,0.07405747491395519,109,0.0,0.0,1.1102230246251565e-16,3.700743415417188e-17,5.233641528945917e-17
0.27821580568949383,0.0017421943907727287,0.05102729797363281,0.0017975516343653256,0.075,50,100,10,"(0.0, 1.0)","{'model__learning_rate': 0.075, 'model__min_data_in_leaf': 50, 'model__n_estimators': 100, 'model__num_leaves': 10, 'winsorizer__limits': (0.0, 1.0)}",-0.11784795942024262,-0.17846069815764953,-8.385541595012924e-05,-0.09879750433128076,0.07405747491395519,109,0.0,0.0,1.1102230246251565e-16,3.700743415417188e-17,5.233641528945917e-17
0.27967000007629395,0.0010359458369549196,0.051504294077555336,0.001429315349515548,0.075,50,100,10,"(0.005, 0.995)","{'model__learning_rate': 0.075, 'model__min_data_in_leaf': 50, 'model__n_estimators': 100, 'model__num_leaves': 10, 'winsorizer__limits': (0.005, 0.995)}",-0.11784795942024262,-0.17846069815764953,-8.385541595012924e-05,-0.09879750433128076,0.07405747491395519,109,0.0,0.0,1.1102230246251565e-16,3.700743415417188e-17,5.233641528945917e-17
0.28325708707173664,0.007899561352787014,0.05638281504313151,0.003926926485988031,0.075,50,100,20,"(0.0, 1.0)","{'model__learning_rate': 0.075, 'model__min_data_in_leaf': 50, 'model__n_estimators': 100, 'model__num_leaves': 20, 'winsorizer__limits': (0.0, 1.0)}",-0.11784795942024262,-0.17846069815764953,-8.385541595012924e-05,-0.09879750433128076,0.07405747491395519,109,0.0,0.0,1.1102230246251565e-16,3.700743415417188e-17,5.233641528945917e-17
0.30104804039001465,0.012979777667257246,0.05425818761189779,0.002973874331412628,0.075,50,100,20,"(0.005, 0.995)","{'model__learning_rate': 0.075, 'model__min_data_in_leaf': 50, 'model__n_estimators': 100, 'model__num_leaves': 20, 'winsorizer__limits': (0.005, 0.995)}",-0.11784795942024262,-0.17846069815764953,-8.385541595012924e-05,-0.09879750433128076,0.07405747491395519,109,0.0,0.0,1.1102230246251565e-16,3.700743415417188e-17,5.233641528945917e-17
0.2996996243794759,0.005347805311529859,0.05028971036275228,0.0010526726002824914,0.1,10,20,5,"(0.0, 1.0)","{'model__learning_rate': 0.1, 'model__min_data_in_leaf': 10, 'model__n_estimators': 20, 'model__num_leaves': 5, 'winsorizer__limits': (0.0, 1.0)}",0.2935085523409885,0.3579544037277088,0.2690733726095079,0.3068454428927351,0.03749101145919823,41,0.839351186609035,0.8388406387121917,0.8532014103230452,0.8437977452147573,0.006652661266509128
0.3131698767344157,0.013379785163570336,0.050390005111694336,0.0008031607019810559,0.1,10,20,5,"(0.005, 0.995)","{'model__learning_rate': 0.1, 'model__min_data_in_leaf': 10, 'model__n_estimators': 20, 'model__num_leaves': 5, 'winsorizer__limits': (0.005, 0.995)}",0.2935085523409885,0.3579544037277088,0.2690733726095079,0.3068454428927351,0.03749101145919823,41,0.839351186609035,0.8388406387121917,0.8532014103230452,0.8437977452147573,0.006652661266509128
0.30176528294881183,0.015938561121715024,0.04940636952718099,0.0008410945292990989,0.1,10,20,10,"(0.0, 1.0)","{'model__learning_rate': 0.1, 'model__min_data_in_leaf': 10, 'model__n_estimators': 20, 'model__num_leaves': 10, 'winsorizer__limits': (0.0, 1.0)}",0.30247126825046955,0.3548477505886031,0.2678575845095631,0.3083922011162119,0.03575952398187286,37,0.8576929022045661,0.8397259898501537,0.8541236166868971,0.8505141695805389,0.007766318999284966
0.29232239723205566,0.003729680790346661,0.04984919230143229,0.0004976110974399852,0.1,10,20,10,"(0.005, 0.995)","{'model__learning_rate': 0.1, 'model__min_data_in_leaf': 10, 'model__n_estimators': 20, 'model__num_leaves': 10, 'winsorizer__limits': (0.005, 0.995)}",0.30247126825046955,0.3548477505886031,0.2678575845095631,0.3083922011162119,0.03575952398187286,37,0.8576929022045661,0.8397259898501537,0.8541236166868971,0.8505141695805389,0.007766318999284966
0.3120822111765544,0.017831174179496635,0.05562599500020345,0.008202184529475444,0.1,10,20,20,"(0.0, 1.0)","{'model__learning_rate': 0.1, 'model__min_data_in_leaf': 10, 'model__n_estimators': 20, 'model__num_leaves': 20, 'winsorizer__limits': (0.0, 1.0)}",0.30247126825046955,0.3548477505886031,0.2678575845095631,0.3083922011162119,0.03575952398187286,37,0.8576929022045661,0.8397259898501537,0.8541236166868971,0.8505141695805389,0.007766318999284966
0.2985476652781169,0.011710833552086504,0.05005415280659994,0.0006763935882812736,0.1,10,20,20,"(0.005, 0.995)","{'model__learning_rate': 0.1, 'model__min_data_in_leaf': 10, 'model__n_estimators': 20, 'model__num_leaves': 20, 'winsorizer__limits': (0.005, 0.995)}",0.30247126825046955,0.3548477505886031,0.2678575845095631,0.3083922011162119,0.03575952398187286,37,0.8576929022045661,0.8397259898501537,0.8541236166868971,0.8505141695805389,0.007766318999284966
0.31296857198079425,0.006401246605060336,0.05085468292236328,0.0003340152112499812,0.1,10,50,5,"(0.0, 1.0)","{'model__learning_rate': 0.1, 'model__min_data_in_leaf': 10, 'model__n_estimators': 50, 'model__num_leaves': 5, 'winsorizer__limits': (0.0, 1.0)}",0.2476738810962703,0.34812774496453114,0.1292934661731796,0.2416983640779937,0.08943858412810259,99,0.9749562324410526,0.9772754907053836,0.9799097486369899,0.9773804905944754,0.002023627009173591
0.3077695369720459,0.0003384976832053596,0.05153218905131022,0.001557140759827326,0.1,10,50,5,"(0.005, 0.995)","{'model__learning_rate': 0.1, 'model__min_data_in_leaf': 10, 'model__n_estimators': 50, 'model__num_leaves': 5, 'winsorizer__limits': (0.005, 0.995)}",0.2476738810962703,0.34812774496453114,0.1292934661731796,0.2416983640779937,0.08943858412810259,99,0.9749562324410526,0.9772754907053836,0.9799097486369899,0.9773804905944754,0.002023627009173591
0.30225904782613117,0.006359563209465784,0.050328572591145836,0.0013766160247614579,0.1,10,50,10,"(0.0, 1.0)","{'model__learning_rate': 0.1, 'model__min_data_in_leaf': 10, 'model__n_estimators': 50, 'model__num_leaves': 10, 'winsorizer__limits': (0.0, 1.0)}",0.2707032830139108,0.3562123496606284,0.14852246391873647,0.2584793655310919,0.08522847833457275,87,0.9798749413830187,0.9795655863631614,0.9812603121021007,0.9802336132827603,0.000736888947446888
0.3089420000712077,0.0030933946796704997,0.05111432075500488,0.00027115736772406057,0.1,10,50,10,"(0.005, 0.995)","{'model__learning_rate': 0.1, 'model__min_data_in_leaf': 10, 'model__n_estimators': 50, 'model__num_leaves': 10, 'winsorizer__limits': (0.005, 0.995)}",0.2707032830139108,0.3562123496606284,0.14852246391873647,0.2584793655310919,0.08522847833457275,87,0.9798749413830187,0.9795655863631614,0.9812603121021007,0.9802336132827603,0.000736888947446888
0.30195188522338867,0.0011318473675629047,0.050424814224243164,0.0006794014528922191,0.1,10,50,20,"(0.0, 1.0)","{'model__learning_rate': 0.1, 'model__min_data_in_leaf': 10, 'model__n_estimators': 50, 'model__num_leaves': 20, 'winsorizer__limits': (0.0, 1.0)}",0.2707032830139108,0.3562123496606284,0.14852246391873647,0.2584793655310919,0.08522847833457275,87,0.9798749413830187,0.9795655863631614,0.9812603121021007,0.9802336132827603,0.000736888947446888
0.31928078333536786,0.0038466668924045278,0.049091736475626625,0.0017174552066458431,0.1,10,50,20,"(0.005, 0.995)","{'model__learning_rate': 0.1, 'model__min_data_in_leaf': 10, 'model__n_estimators': 50, 'model__num_leaves': 20, 'winsorizer__limits': (0.005, 0.995)}",0.2707032830139108,0.3562123496606284,0.14852246391873647,0.2584793655310919,0.08522847833457275,87,0.9798749413830187,0.9795655863631614,0.9812603121021007,0.9802336132827603,0.000736888947446888
0.32899920145670575,0.0037860857366078682,0.04939913749694824,0.0012108136931363671,0.1,10,100,5,"(0.0, 1.0)","{'model__learning_rate': 0.1, 'model__min_data_in_leaf': 10, 'model__n_estimators': 100, 'model__num_leaves': 5, 'winsorizer__limits': (0.0, 1.0)}",0.2462782171714557,0.35829393794674,0.1014811629544029,0.23535110602419954,0.1051277054137318,101,0.9957935854483461,0.9983551168754258,0.9983953006247582,0.99751466764951,0.0012170994593157778
0.3345452944437663,0.004642089339263126,0.05078458786010742,0.0011267206154811815,0.1,10,100,5,"(0.005, 0.995)","{'model__learning_rate': 0.1, 'model__min_data_in_leaf': 10, 'model__n_estimators': 100, 'model__num_leaves': 5, 'winsorizer__limits': (0.005, 0.995)}",0.2462782171714557,0.35829393794674,0.1014811629544029,0.23535110602419954,0.1051277054137318,101,0.9957935854483461,0.9983551168754258,0.9983953006247582,0.99751466764951,0.0012170994593157778
0.3318637212117513,0.005486022385863621,0.05150612195332845,0.0008576290079282462,0.1,10,100,10,"(0.0, 1.0)","{'model__learning_rate': 0.1, 'model__min_data_in_leaf': 10, 'model__n_estimators': 100, 'model__num_leaves': 10, 'winsorizer__limits': (0.0, 1.0)}",0.26676846362774587,0.35870219529609193,0.11948370720842272,0.24831812204408685,0.09852810965794773,95,0.9967226742244119,0.9985570654344912,0.9984034896803078,0.9978944097797369,0.0008309109606441981
0.3273799419403076,0.004513953644528011,0.050298611323038735,0.0004369500941030362,0.1,10,100,10,"(0.005, 0.995)","{'model__learning_rate': 0.1, 'model__min_data_in_leaf': 10, 'model__n_estimators': 100, 'model__num_leaves': 10, 'winsorizer__limits': (0.005, 0.995)}",0.26676846362774587,0.35870219529609193,0.11948370720842272,0.24831812204408685,0.09852810965794773,95,0.9967226742244119,0.9985570654344912,0.9984034896803078,0.9978944097797369,0.0008309109606441981
0.33039220174153644,0.0021170687848030955,0.049851020177205406,0.0005319065363221637,0.1,10,100,20,"(0.0, 1.0)","{'model__learning_rate': 0.1, 'model__min_data_in_leaf': 10, 'model__n_estimators': 100, 'model__num_leaves': 20, 'winsorizer__limits': (0.0, 1.0)}",0.26676846362774587,0.35870219529609193,0.11948370720842272,0.24831812204408685,0.09852810965794773,95,0.9967226742244119,0.9985570654344912,0.9984034896803078,0.9978944097797369,0.0008309109606441981
0.32834657033284503,0.002140646850469014,0.04822746912638346,0.0005257736883659848,0.1,10,100,20,"(0.005, 0.995)","{'model__learning_rate': 0.1, 'model__min_data_in_leaf': 10, 'model__n_estimators': 100, 'model__num_leaves': 20, 'winsorizer__limits': (0.005, 0.995)}",0.26676846362774587,0.35870219529609193,0.11948370720842272,0.24831812204408685,0.09852810965794773,95,0.9967226742244119,0.9985570654344912,0.9984034896803078,0.9978944097797369,0.0008309109606441981
0.2891259988149007,0.006571478657254327,0.049519618352254234,0.00044165951918006727,0.1,20,20,5,"(0.0, 1.0)","{'model__learning_rate': 0.1, 'model__min_data_in_leaf': 20, 'model__n_estimators': 20, 'model__num_leaves': 5, 'winsorizer__limits': (0.0, 1.0)}",0.3153907071971891,0.39748837643765145,0.2851395447525469,0.33267287612912916,0.047466268847790385,7,0.5519320773292615,0.48629024284827405,0.6397455832272364,0.5593226344682574,0.06286546812479471
0.28685728708902997,0.0005002096918239075,0.051403045654296875,0.00114919151664363,0.1,20,20,5,"(0.005, 0.995)","{'model__learning_rate': 0.1, 'model__min_data_in_leaf': 20, 'model__n_estimators': 20, 'model__num_leaves': 5, 'winsorizer__limits': (0.005, 0.995)}",0.3153907071971891,0.39748837643765145,0.2851395447525469,0.33267287612912916,0.047466268847790385,7,0.5519320773292615,0.48629024284827405,0.6397455832272364,0.5593226344682574,0.06286546812479471
0.2850181261698405,0.004805111672601366,0.04976630210876465,0.0008057065833089376,0.1,20,20,10,"(0.0, 1.0)","{'model__learning_rate': 0.1, 'model__min_data_in_leaf': 20, 'model__n_estimators': 20, 'model__num_leaves': 10, 'winsorizer__limits': (0.0, 1.0)}",0.3153907071971891,0.39748837643765145,0.2851395447525469,0.33267287612912916,0.047466268847790385,7,0.5519320773292615,0.48629024284827405,0.6397455832272364,0.5593226344682574,0.06286546812479471
0.28368568420410156,0.0018699884887357673,0.05044706662495931,0.0007309406176777707,0.1,20,20,10,"(0.005, 0.995)","{'model__learning_rate': 0.1, 'model__min_data_in_leaf': 20, 'model__n_estimators': 20, 'model__num_leaves': 10, 'winsorizer__limits': (0.005, 0.995)}",0.3153907071971891,0.39748837643765145,0.2851395447525469,0.33267287612912916,0.047466268847790385,7,0.5519320773292615,0.48629024284827405,0.6397455832272364,0.5593226344682574,0.06286546812479471
0.28548336029052734,0.0028280784604456715,0.05132031440734863,0.0012131024078362285,0.1,20,20,20,"(0.0, 1.0)","{'model__learning_rate': 0.1, 'model__min_data_in_leaf': 20, 'model__n_estimators': 20, 'model__num_leaves': 20, 'winsorizer__limits': (0.0, 1.0)}",0.3153907071971891,0.39748837643765145,0.2851395447525469,0.33267287612912916,0.047466268847790385,7,0.5519320773292615,0.48629024284827405,0.6397455832272364,0.5593226344682574,0.06286546812479471
0.2857762972513835,0.004031824781751489,0.056148687998453774,0.005708139917802918,0.1,20,20,20,"(0.005, 0.995)","{'model__learning_rate': 0.1, 'model__min_data_in_leaf': 20, 'model__n_estimators': 20, 'model__num_leaves': 20, 'winsorizer__limits': (0.005, 0.995)}",0.3153907071971891,0.39748837643765145,0.2851395447525469,0.33267287612912916,0.047466268847790385,7,0.5519320773292615,0.48629024284827405,0.6397455832272364,0.5593226344682574,0.06286546812479471
0.3354003429412842,0.011210125236598928,0.055064996083577476,0.004659201031142397,0.1,20,50,5,"(0.0, 1.0)","{'model__learning_rate': 0.1, 'model__min_data_in_leaf': 20, 'model__n_estimators': 50, 'model__num_leaves': 5, 'winsorizer__limits': (0.0, 1.0)}",0.3392006742360758,0.39709702715814454,0.12977457495802514,0.28869075878408185,0.11482961880338761,63,0.7721263415259592,0.7233127568869316,0.8350289822402028,0.7768226935510313,0.04572869663244491
0.307201623916626,0.004878248714303412,0.04980166753133138,0.0008051680834160061,0.1,20,50,5,"(0.005, 0.995)","{'model__learning_rate': 0.1, 'model__min_data_in_leaf': 20, 'model__n_estimators': 50, 'model__num_leaves': 5, 'winsorizer__limits': (0.005, 0.995)}",0.3392006742360758,0.39709702715814454,0.12977457495802514,0.28869075878408185,0.11482961880338761,63,0.7721263415259592,0.7233127568869316,0.8350289822402028,0.7768226935510313,0.04572869663244491
0.2944792111714681,0.006025727581833324,0.0502480665842692,0.0009920941783876673,0.1,20,50,10,"(0.0, 1.0)","{'model__learning_rate': 0.1, 'model__min_data_in_leaf': 20, 'model__n_estimators': 50, 'model__num_leaves': 10, 'winsorizer__limits': (0.0, 1.0)}",0.3392006742360758,0.39709702715814454,0.12977457495802514,0.28869075878408185,0.11482961880338761,63,0.7721263415259592,0.7233127568869316,0.8350289822402028,0.7768226935510313,0.04572869663244491
0.29448382059733075,0.0075985540886046275,0.05223218599955241,0.0015506276427886597,0.1,20,50,10,"(0.005, 0.995)","{'model__learning_rate': 0.1, 'model__min_data_in_leaf': 20, 'model__n_estimators': 50, 'model__num_leaves': 10, 'winsorizer__limits': (0.005, 0.995)}",0.3392006742360758,0.39709702715814454,0.12977457495802514,0.28869075878408185,0.11482961880338761,63,0.7721263415259592,0.7233127568869316,0.8350289822402028,0.7768226935510313,0.04572869663244491
0.2926669120788574,0.0019319839182004178,0.04921150207519531,0.0005412637723242784,0.1,20,50,20,"(0.0, 1.0)","{'model__learning_rate': 0.1, 'model__min_data_in_leaf': 20, 'model__n_estimators': 50, 'model__num_leaves': 20, 'winsorizer__limits': (0.0, 1.0)}",0.3392006742360758,0.39709702715814454,0.12977457495802514,0.28869075878408185,0.11482961880338761,63,0.7721263415259592,0.7233127568869316,0.8350289822402028,0.7768226935510313,0.04572869663244491
0.2976572513580322,0.005195130403924564,0.051526387532552086,0.0029021295094321053,0.1,20,50,20,"(0.005, 0.995)","{'model__learning_rate': 0.1, 'model__min_data_in_leaf': 20, 'model__n_estimators': 50, 'model__num_leaves': 20, 'winsorizer__limits': (0.005, 0.995)}",0.3392006742360758,0.39709702715814454,0.12977457495802514,0.28869075878408185,0.11482961880338761,63,0.7721263415259592,0.7233127568869316,0.8350289822402028,0.7768226935510313,0.04572869663244491
0.30701859792073566,0.0040341084928655225,0.057191689809163414,0.008156485631941456,0.1,20,100,5,"(0.0, 1.0)","{'model__learning_rate': 0.1, 'model__min_data_in_leaf': 20, 'model__n_estimators': 100, 'model__num_leaves': 5, 'winsorizer__limits': (0.0, 1.0)}",0.31727423694801427,0.31851089601979343,0.051278646849792,0.2290212599391999,0.12568402102707982,103,0.9071212887600143,0.8840459200946322,0.9426307216654355,0.9112659768400274,0.02409603803163568
0.3252219359079997,0.00586376259754131,0.04989329973856608,0.0007116134500411983,0.1,20,100,5,"(0.005, 0.995)","{'model__learning_rate': 0.1, 'model__min_data_in_leaf': 20, 'model__n_estimators': 100, 'model__num_leaves': 5, 'winsorizer__limits': (0.005, 0.995)}",0.31727423694801427,0.31851089601979343,0.051278646849792,0.2290212599391999,0.12568402102707982,103,0.9071212887600143,0.8840459200946322,0.9426307216654355,0.9112659768400274,0.02409603803163568
0.3120776017506917,0.0023084234754179624,0.053980350494384766,0.003341773719036732,0.1,20,100,10,"(0.0, 1.0)","{'model__learning_rate': 0.1, 'model__min_data_in_leaf': 20, 'model__n_estimators': 100, 'model__num_leaves': 10, 'winsorizer__limits': (0.0, 1.0)}",0.31727423694801427,0.31851089601979343,0.051278646849792,0.2290212599391999,0.12568402102707982,103,0.9071212887600143,0.8840459200946322,0.9426307216654355,0.9112659768400274,0.02409603803163568
0.3151427110036214,0.005274165758674913,0.050938924153645836,0.002484215091713382,0.1,20,100,10,"(0.005, 0.995)","{'model__learning_rate': 0.1, 'model__min_data_in_leaf': 20, 'model__n_estimators': 100, 'model__num_leaves': 10, 'winsorizer__limits': (0.005, 0.995)}",0.31727423694801427,0.31851089601979343,0.051278646849792,0.2290212599391999,0.12568402102707982,103,0.9071212887600143,0.8840459200946322,0.9426307216654355,0.9112659768400274,0.02409603803163568
0.3083091576894124,0.005200980989793505,0.05154498418172201,0.001956171350742142,0.1,20,100,20,"(0.0, 1.0)","{'model__learning_rate': 0.1, 'model__min_data_in_leaf': 20, 'model__n_estimators': 100, 'model__num_leaves': 20, 'winsorizer__limits': (0.0, 1.0)}",0.31727423694801427,0.31851089601979343,0.051278646849792,0.2290212599391999,0.12568402102707982,103,0.9071212887600143,0.8840459200946322,0.9426307216654355,0.9112659768400274,0.02409603803163568
0.30494173367818195,0.003188656369380283,0.0514218807220459,0.001413790304158197,0.1,20,100,20,"(0.005, 0.995)","{'model__learning_rate': 0.1, 'model__min_data_in_leaf': 20, 'model__n_estimators': 100, 'model__num_leaves': 20, 'winsorizer__limits': (0.005, 0.995)}",0.31727423694801427,0.31851089601979343,0.051278646849792,0.2290212599391999,0.12568402102707982,103,0.9071212887600143,0.8840459200946322,0.9426307216654355,0.9112659768400274,0.02409603803163568
0.2765183448791504,0.005100202419770792,0.05171799659729004,0.0021980259269649763,0.1,50,20,5,"(0.0, 1.0)","{'model__learning_rate': 0.1, 'model__min_data_in_leaf': 50, 'model__n_estimators': 20, 'model__num_leaves': 5, 'winsorizer__limits': (0.0, 1.0)}",-0.11784795942024262,-0.17846069815764953,-8.385541595012924e-05,-0.09879750433128076,0.07405747491395519,109,0.0,0.0,1.1102230246251565e-16,3.700743415417188e-17,5.233641528945917e-17
0.27847663561503094,0.009797234666243021,0.05181169509887695,0.002745516826282997,0.1,50,20,5,"(0.005, 0.995)","{'model__learning_rate': 0.1, 'model__min_data_in_leaf': 50, 'model__n_estimators': 20, 'model__num_leaves': 5, 'winsorizer__limits': (0.005, 0.995)}",-0.11784795942024262,-0.17846069815764953,-8.385541595012924e-05,-0.09879750433128076,0.07405747491395519,109,0.0,0.0,1.1102230246251565e-16,3.700743415417188e-17,5.233641528945917e-17
0.273914893468221,0.0040409663853752005,0.049936771392822266,0.0006379896153179611,0.1,50,20,10,"(0.0, 1.0)","{'model__learning_rate': 0.1, 'model__min_data_in_leaf': 50, 'model__n_estimators': 20, 'model__num_leaves': 10, 'winsorizer__limits': (0.0, 1.0)}",-0.11784795942024262,-0.17846069815764953,-8.385541595012924e-05,-0.09879750433128076,0.07405747491395519,109,0.0,0.0,1.1102230246251565e-16,3.700743415417188e-17,5.233641528945917e-17
0.2755086421966553,0.0023295193330132562,0.05019672711690267,0.0011184822855868993,0.1,50,20,10,"(0.005, 0.995)","{'model__learning_rate': 0.1, 'model__min_data_in_leaf': 50, 'model__n_estimators': 20, 'model__num_leaves': 10, 'winsorizer__limits': (0.005, 0.995)}",-0.11784795942024262,-0.17846069815764953,-8.385541595012924e-05,-0.09879750433128076,0.07405747491395519,109,0.0,0.0,1.1102230246251565e-16,3.700743415417188e-17,5.233641528945917e-17
0.2734437783559163,0.001993500346143447,0.051748037338256836,0.003480572918121603,0.1,50,20,20,"(0.0, 1.0)","{'model__learning_rate': 0.1, 'model__min_data_in_leaf': 50, 'model__n_estimators': 20, 'model__num_leaves': 20, 'winsorizer__limits': (0.0, 1.0)}",-0.11784795942024262,-0.17846069815764953,-8.385541595012924e-05,-0.09879750433128076,0.07405747491395519,109,0.0,0.0,1.1102230246251565e-16,3.700743415417188e-17,5.233641528945917e-17
0.27805336316426593,0.004775769480593064,0.05504234631856283,0.002277821685558092,0.1,50,20,20,"(0.005, 0.995)","{'model__learning_rate': 0.1, 'model__min_data_in_leaf': 50, 'model__n_estimators': 20, 'model__num_leaves': 20, 'winsorizer__limits': (0.005, 0.995)}",-0.11784795942024262,-0.17846069815764953,-8.385541595012924e-05,-0.09879750433128076,0.07405747491395519,109,0.0,0.0,1.1102230246251565e-16,3.700743415417188e-17,5.233641528945917e-17
0.2821304003397624,0.003040623882949904,0.05471261342366537,0.0028236477802890984,0.1,50,50,5,"(0.0, 1.0)","{'model__learning_rate': 0.1, 'model__min_data_in_leaf': 50, 'model__n_estimators': 50, 'model__num_leaves': 5, 'winsorizer__limits': (0.0, 1.0)}",-0.11784795942024262,-0.17846069815764953,-8.385541595012924e-05,-0.09879750433128076,0.07405747491395519,109,0.0,0.0,1.1102230246251565e-16,3.700743415417188e-17,5.233641528945917e-17
0.2799876530965169,0.0017108041011584122,0.05435498555501302,0.003118305220710228,0.1,50,50,5,"(0.005, 0.995)","{'model__learning_rate': 0.1, 'model__min_data_in_leaf': 50, 'model__n_estimators': 50, 'model__num_leaves': 5, 'winsorizer__limits': (0.005, 0.995)}",-0.11784795942024262,-0.17846069815764953,-8.385541595012924e-05,-0.09879750433128076,0.07405747491395519,109,0.0,0.0,1.1102230246251565e-16,3.700743415417188e-17,5.233641528945917e-17
0.2814759413401286,0.007444017890455822,0.04841804504394531,0.002663464086238475,0.1,50,50,10,"(0.0, 1.0)","{'model__learning_rate': 0.1, 'model__min_data_in_leaf': 50, 'model__n_estimators': 50, 'model__num_leaves': 10, 'winsorizer__limits': (0.0, 1.0)}",-0.11784795942024262,-0.17846069815764953,-8.385541595012924e-05,-0.09879750433128076,0.07405747491395519,109,0.0,0.0,1.1102230246251565e-16,3.700743415417188e-17,5.233641528945917e-17
0.2810353438059489,0.004927261263774807,0.05251105626424154,0.0010394155090003945,0.1,50,50,10,"(0.005, 0.995)","{'model__learning_rate': 0.1, 'model__min_data_in_leaf': 50, 'model__n_estimators': 50, 'model__num_leaves': 10, 'winsorizer__limits': (0.005, 0.995)}",-0.11784795942024262,-0.17846069815764953,-8.385541595012924e-05,-0.09879750433128076,0.07405747491395519,109,0.0,0.0,1.1102230246251565e-16,3.700743415417188e-17,5.233641528945917e-17
0.27783703804016113,0.0035756438698542345,0.0514528751373291,0.001112642946461533,0.1,50,50,20,"(0.0, 1.0)","{'model__learning_rate': 0.1, 'model__min_data_in_leaf': 50, 'model__n_estimators': 50, 'model__num_leaves': 20, 'winsorizer__limits': (0.0, 1.0)}",-0.11784795942024262,-0.17846069815764953,-8.385541595012924e-05,-0.09879750433128076,0.07405747491395519,109,0.0,0.0,1.1102230246251565e-16,3.700743415417188e-17,5.233641528945917e-17
0.2835832436879476,0.004982934923372045,0.0501101016998291,0.00044959958055825047,0.1,50,50,20,"(0.005, 0.995)","{'model__learning_rate': 0.1, 'model__min_data_in_leaf': 50, 'model__n_estimators': 50, 'model__num_leaves': 20, 'winsorizer__limits': (0.005, 0.995)}",-0.11784795942024262,-0.17846069815764953,-8.385541595012924e-05,-0.09879750433128076,0.07405747491395519,109,0.0,0.0,1.1102230246251565e-16,3.700743415417188e-17,5.233641528945917e-17
0.28044629096984863,0.006199014711204596,0.05034303665161133,0.0008640728983874531,0.1,50,100,5,"(0.0, 1.0)","{'model__learning_rate': 0.1, 'model__min_data_in_leaf': 50, 'model__n_estimators': 100, 'model__num_leaves': 5, 'winsorizer__limits': (0.0, 1.0)}",-0.11784795942024262,-0.17846069815764953,-8.385541595012924e-05,-0.09879750433128076,0.07405747491395519,109,0.0,0.0,1.1102230246251565e-16,3.700743415417188e-17,5.233641528945917e-17
0.27866069475809735,0.006341624593985094,0.05057772000630697,0.0017072419615817079,0.1,50,100,5,"(0.005, 0.995)","{'model__learning_rate': 0.1, 'model__min_data_in_leaf': 50, 'model__n_estimators': 100, 'model__num_leaves': 5, 'winsorizer__limits': (0.005, 0.995)}",-0.11784795942024262,-0.17846069815764953,-8.385541595012924e-05,-0.09879750433128076,0.07405747491395519,109,0.0,0.0,1.1102230246251565e-16,3.700743415417188e-17,5.233641528945917e-17
0.2787950038909912,0.003962654157484477,0.052257537841796875,0.0025735792960730826,0.1,50,100,10,"(0.0, 1.0)","{'model__learning_rate': 0.1, 'model__min_data_in_leaf': 50, 'model__n_estimators': 100, 'model__num_leaves': 10, 'winsorizer__limits': (0.0, 1.0)}",-0.11784795942024262,-0.17846069815764953,-8.385541595012924e-05,-0.09879750433128076,0.07405747491395519,109,0.0,0.0,1.1102230246251565e-16,3.700743415417188e-17,5.233641528945917e-17
0.28058664004007977,0.004427208576928664,0.05108523368835449,0.0014860532813751512,0.1,50,100,10,"(0.005, 0.995)","{'model__learning_rate': 0.1, 'model__min_data_in_leaf': 50, 'model__n_estimators': 100, 'model__num_leaves': 10, 'winsorizer__limits': (0.005, 0.995)}",-0.11784795942024262,-0.17846069815764953,-8.385541595012924e-05,-0.09879750433128076,0.07405747491395519,109,0.0,0.0,1.1102230246251565e-16,3.700743415417188e-17,5.233641528945917e-17
0.2804632981618245,0.0036776330022276807,0.04923653602600098,0.0006776165010000579,0.1,50,100,20,"(0.0, 1.0)","{'model__learning_rate': 0.1, 'model__min_data_in_leaf': 50, 'model__n_estimators': 100, 'model__num_leaves': 20, 'winsorizer__limits': (0.0, 1.0)}",-0.11784795942024262,-0.17846069815764953,-8.385541595012924e-05,-0.09879750433128076,0.07405747491395519,109,0.0,0.0,1.1102230246251565e-16,3.700743415417188e-17,5.233641528945917e-17
0.2392392953236898,0.0301581646238201,0.030587116877237957,0.004955466942889462,0.1,50,100,20,"(0.005, 0.995)","{'model__learning_rate': 0.1, 'model__min_data_in_leaf': 50, 'model__n_estimators': 100, 'model__num_leaves': 20, 'winsorizer__limits': (0.005, 0.995)}",-0.11784795942024262,-0.17846069815764953,-8.385541595012924e-05,-0.09879750433128076,0.07405747491395519,109,0.0,0.0,1.1102230246251565e-16,3.700743415417188e-17,5.233641528945917e-17
